value,acciona,raft,error_raft,raft_flex_tower,error_raft_flex_tower,weis,error_weis
platform_mass_kg,26638000.0,26638000.0,0.0,26638000.0,0.0,26638000.0,0.0
platform_cgz_m,-9.63,-9.629557783152782,0.004592075256686411,-9.636665056921293,0.069211390667627,-9.629557783152782,0.0045920752566864
platform_inertia_xyz_1e9,"[7.978, 7.978, 10.836]","[ 7.98684133, 7.98684133,10.836     ]",0.0799284767945501,"[ 7.97897521, 7.97897521,10.83603192]",0.0088185741411471,"[ 7.98684133, 7.98684133,10.836     ]",0.0799284767945501
tower_mass_t,1263.0,1241.9505404510742,1.6666238756077454,1249.9485689857856,1.033367459557748,1334.9251589227902,5.694786929753773
vol_disp_water_m3,53981.0,53694.96,0.529890146533041,53694.96,0.529890146533041,53694.96,0.529890146533041
pretension_fairleads_kN,32382.0,33031.004839007,2.004214807630784,33267.402930099066,2.7342441174080228,30970.130823278396,4.360043162008536
NP_surge,52.25,49.83206781773256,4.627621401468789,49.34282013812345,7.441717992640314,49.68644547487814,6.7971384826896655
NP_sway,52.275,51.57391142171434,1.3411546213020682,50.21534754539452,5.805013045592722,50.567732554990414,5.144001960250588
NP_heave,1.441176,1.4928004459128248,3.582105579944766,2.0296059139859874,6.821363893999344,2.0560934565386475,8.215445080981452
NP_roll,3.6825,1.6175426766045797,56.07487639906097,2.2299461506297504,42.67490615347685,2.460629328481196,36.74474733981501
NP_pitch,3.78052,1.6207716391073863,57.128341098383665,2.2259178696269633,43.7899527871979,2.4627427706336347,37.80952599410013
NP_yaw,25.13,23.334254188497056,7.145824956239329,22.91205414021507,5.789251068194617,23.193866972801136,4.630481197363753
